[
  {"pk": 1, "model": "infrastructure.flavor", "fields": {"name": "nano"}},
  {"pk": 2, "model": "infrastructure.flavor", "fields": {"name": "micro"}},
  {"pk": 3, "model": "infrastructure.flavor", "fields": {"name": "tiny"}},
  {"pk": 4, "model": "infrastructure.flavor", "fields": {"name": "small"}},
  {"pk": 5, "model": "infrastructure.flavor", "fields": {"name": "medium"}},
  {"pk": 6, "model": "infrastructure.flavor", "fields": {"name": "large"}},
  {"pk": 7, "model": "infrastructure.flavor", "fields": {"name": "xlarge"}},

  {"pk": 1, "model": "infrastructure.node", "fields": {"name": "node1", "rack": 1, "mac_address": "00-B0-D0-86-AB-F7", "ip_address": "192.168.191.11", "status": "active", "usage": "20"}},
  {"pk": 2, "model": "infrastructure.node", "fields": {"name": "node2", "rack": 1, "mac_address": "00-B0-D0-86-AB-F8", "ip_address": "192.168.191.12", "status": "active", "usage": "30"}},
  {"pk": 3, "model": "infrastructure.node", "fields": {"name": "node3", "rack": 2, "mac_address": "00-B0-D0-86-AB-F9", "ip_address": "192.168.191.13", "status": "active", "usage": "40"}},
  {"pk": 4, "model": "infrastructure.node", "fields": {"name": "node4", "rack": 2, "mac_address": "00-B0-D0-86-AB-F0", "ip_address": "192.168.191.14", "status": "active", "usage": "50"}},
  {"pk": 5, "model": "infrastructure.node", "fields": {"name": "Unracked Node", "mac_address": "00-B0-D0-86-AB-F1"}},

  {"pk": 1, "model": "infrastructure.rack", "fields": {"name": "rack1", "resource_class": 1, "location": "Boston DC 1", "subnet": "10.16.25.0/24", "status": "active"}},
  {"pk": 2, "model": "infrastructure.rack", "fields": {"name": "rack2", "resource_class": 1, "location": "Toronto - 151 Front St.", "subnet": "24.50.60.0/22", "status": "active"}},

  {"pk": 1, "model": "infrastructure.resourceclass", "fields": {"service_type": "compute", "name": "m1"}},

  {"pk": 1, "model": "infrastructure.resourceclassflavor", "fields": {"flavor": 1, "resource_class": 1, "max_vms": 128}},
  {"pk": 2, "model": "infrastructure.resourceclassflavor", "fields": {"flavor": 2, "resource_class": 1, "max_vms": 64}},
  {"pk": 3, "model": "infrastructure.resourceclassflavor", "fields": {"flavor": 3, "resource_class": 1, "max_vms": 32}},
  {"pk": 4, "model": "infrastructure.resourceclassflavor", "fields": {"flavor": 4, "resource_class": 1, "max_vms": 16}},
  {"pk": 5, "model": "infrastructure.resourceclassflavor", "fields": {"flavor": 5, "resource_class": 1, "max_vms": 8}},
  {"pk": 6, "model": "infrastructure.resourceclassflavor", "fields": {"flavor": 6, "resource_class": 1, "max_vms": 4}},
  {"pk": 7, "model": "infrastructure.resourceclassflavor", "fields": {"flavor": 7, "resource_class": 1, "max_vms": 2}},

  {"pk": 1, "model": "infrastructure.capacity", "fields": {"value": 4, "unit": "GHz", "object_id": 1, "content_type": ["infrastructure", "node"], "name": "cpu"}},
  {"pk": 2, "model": "infrastructure.capacity", "fields": {"value": 4, "unit": "GHz", "object_id": 2, "content_type": ["infrastructure", "node"], "name": "cpu"}},
  {"pk": 3, "model": "infrastructure.capacity", "fields": {"value": 4, "unit": "GHz", "object_id": 3, "content_type": ["infrastructure", "node"], "name": "cpu"}},
  {"pk": 4, "model": "infrastructure.capacity", "fields": {"value": 4, "unit": "GHz", "object_id": 4, "content_type": ["infrastructure", "node"], "name": "cpu"}},
  {"pk": 5, "model": "infrastructure.capacity", "fields": {"value": 4, "unit": "GHz", "object_id": 5, "content_type": ["infrastructure", "node"], "name": "cpu"}},
  {"pk": 6, "model": "infrastructure.capacity", "fields": {"value": 32, "unit": "GB", "object_id": 1, "content_type": ["infrastructure", "node"], "name": "ram"}},
  {"pk": 7, "model": "infrastructure.capacity", "fields": {"value": 32, "unit": "GB", "object_id": 2, "content_type": ["infrastructure", "node"], "name": "ram"}},
  {"pk": 8, "model": "infrastructure.capacity", "fields": {"value": 32, "unit": "GB", "object_id": 3, "content_type": ["infrastructure", "node"], "name": "ram"}},
  {"pk": 9, "model": "infrastructure.capacity", "fields": {"value": 32, "unit": "GB", "object_id": 4, "content_type": ["infrastructure", "node"], "name": "ram"}},
  {"pk": 10, "model": "infrastructure.capacity", "fields": {"value": 32, "unit": "GB", "object_id": 5, "content_type": ["infrastructure", "node"], "name": "ram"}},
  {"pk": 11, "model": "infrastructure.capacity", "fields": {"value": 12, "unit": "TB", "object_id": 1, "content_type": ["infrastructure", "node"], "name": "storage"}},
  {"pk": 12, "model": "infrastructure.capacity", "fields": {"value": 12, "unit": "TB", "object_id": 2, "content_type": ["infrastructure", "node"], "name": "storage"}},
  {"pk": 13, "model": "infrastructure.capacity", "fields": {"value": 12, "unit": "TB", "object_id": 3, "content_type": ["infrastructure", "node"], "name": "storage"}},
  {"pk": 14, "model": "infrastructure.capacity", "fields": {"value": 12, "unit": "TB", "object_id": 4, "content_type": ["infrastructure", "node"], "name": "storage"}},
  {"pk": 15, "model": "infrastructure.capacity", "fields": {"value": 12, "unit": "TB", "object_id": 5, "content_type": ["infrastructure", "node"], "name": "storage"}},
  {"pk": 16, "model": "infrastructure.capacity", "fields": {"value": 90, "unit": "Gbps", "object_id": 1, "content_type": ["infrastructure", "node"], "name": "network"}},
  {"pk": 17, "model": "infrastructure.capacity", "fields": {"value": 90, "unit": "Gbps", "object_id": 2, "content_type": ["infrastructure", "node"], "name": "network"}},
  {"pk": 18, "model": "infrastructure.capacity", "fields": {"value": 90, "unit": "Gbps", "object_id": 3, "content_type": ["infrastructure", "node"], "name": "network"}},
  {"pk": 19, "model": "infrastructure.capacity", "fields": {"value": 90, "unit": "Gbps", "object_id": 4, "content_type": ["infrastructure", "node"], "name": "network"}},
  {"pk": 20, "model": "infrastructure.capacity", "fields": {"value": 90, "unit": "Gbps", "object_id": 5, "content_type": ["infrastructure", "node"], "name": "network"}},

  {"pk": 21, "model": "infrastructure.capacity", "fields": {"value": 1, "unit": "", "object_id": 1, "content_type": ["infrastructure", "flavor"], "name": "vcpu"}},
  {"pk": 22, "model": "infrastructure.capacity", "fields": {"value": 64, "unit": "MB", "object_id": 1, "content_type": ["infrastructure", "flavor"], "name": "ram"}},
  {"pk": 23, "model": "infrastructure.capacity", "fields": {"value": 0, "unit": "GB", "object_id": 1, "content_type": ["infrastructure", "flavor"], "name": "root_disk"}},
  {"pk": 24, "model": "infrastructure.capacity", "fields": {"value": 0, "unit": "GB", "object_id": 1, "content_type": ["infrastructure", "flavor"], "name": "ephemeral_disk"}},
  {"pk": 25, "model": "infrastructure.capacity", "fields": {"value": 0, "unit": "MB", "object_id": 1, "content_type": ["infrastructure", "flavor"], "name": "swap_disk"}},

  {"pk": 26, "model": "infrastructure.capacity", "fields": {"value": 1, "unit": "", "object_id": 2, "content_type": ["infrastructure", "flavor"], "name": "vcpu"}},
  {"pk": 27, "model": "infrastructure.capacity", "fields": {"value": 128, "unit": "MB", "object_id": 2, "content_type": ["infrastructure", "flavor"], "name": "ram"}},
  {"pk": 28, "model": "infrastructure.capacity", "fields": {"value": 0, "unit": "GB", "object_id": 2, "content_type": ["infrastructure", "flavor"], "name": "root_disk"}},
  {"pk": 29, "model": "infrastructure.capacity", "fields": {"value": 0, "unit": "GB", "object_id": 2, "content_type": ["infrastructure", "flavor"], "name": "ephemeral_disk"}},
  {"pk": 30, "model": "infrastructure.capacity", "fields": {"value": 0, "unit": "MB", "object_id": 2, "content_type": ["infrastructure", "flavor"], "name": "swap_disk"}},

  {"pk": 31, "model": "infrastructure.capacity", "fields": {"value": 1, "unit": "", "object_id": 3, "content_type": ["infrastructure", "flavor"], "name": "vcpu"}},
  {"pk": 32, "model": "infrastructure.capacity", "fields": {"value": 512, "unit": "MB", "object_id": 3, "content_type": ["infrastructure", "flavor"], "name": "ram"}},
  {"pk": 33, "model": "infrastructure.capacity", "fields": {"value": 1, "unit": "GB", "object_id": 3, "content_type": ["infrastructure", "flavor"], "name": "root_disk"}},
  {"pk": 34, "model": "infrastructure.capacity", "fields": {"value": 0, "unit": "GB", "object_id": 3, "content_type": ["infrastructure", "flavor"], "name": "ephemeral_disk"}},
  {"pk": 35, "model": "infrastructure.capacity", "fields": {"value": 0, "unit": "MB", "object_id": 3, "content_type": ["infrastructure", "flavor"], "name": "swap_disk"}},

  {"pk": 36, "model": "infrastructure.capacity", "fields": {"value": 1, "unit": "", "object_id": 4, "content_type": ["infrastructure", "flavor"], "name": "vcpu"}},
  {"pk": 37, "model": "infrastructure.capacity", "fields": {"value": 2048, "unit": "MB", "object_id": 4, "content_type": ["infrastructure", "flavor"], "name": "ram"}},
  {"pk": 38, "model": "infrastructure.capacity", "fields": {"value": 20, "unit": "GB", "object_id": 4, "content_type": ["infrastructure", "flavor"], "name": "root_disk"}},
  {"pk": 39, "model": "infrastructure.capacity", "fields": {"value": 0, "unit": "GB", "object_id": 4, "content_type": ["infrastructure", "flavor"], "name": "ephemeral_disk"}},
  {"pk": 40, "model": "infrastructure.capacity", "fields": {"value": 0, "unit": "MB", "object_id": 4, "content_type": ["infrastructure", "flavor"], "name": "swap_disk"}},

  {"pk": 41, "model": "infrastructure.capacity", "fields": {"value": 2, "unit": "", "object_id": 5, "content_type": ["infrastructure", "flavor"], "name": "vcpu"}},
  {"pk": 42, "model": "infrastructure.capacity", "fields": {"value": 4096, "unit": "MB", "object_id": 5, "content_type": ["infrastructure", "flavor"], "name": "ram"}},
  {"pk": 43, "model": "infrastructure.capacity", "fields": {"value": 40, "unit": "GB", "object_id": 5, "content_type": ["infrastructure", "flavor"], "name": "root_disk"}},
  {"pk": 44, "model": "infrastructure.capacity", "fields": {"value": 0, "unit": "GB", "object_id": 5, "content_type": ["infrastructure", "flavor"], "name": "ephemeral_disk"}},
  {"pk": 45, "model": "infrastructure.capacity", "fields": {"value": 0, "unit": "MB", "object_id": 5, "content_type": ["infrastructure", "flavor"], "name": "swap_disk"}},

  {"pk": 46, "model": "infrastructure.capacity", "fields": {"value": 4, "unit": "", "object_id": 6, "content_type": ["infrastructure", "flavor"], "name": "vcpu"}},
  {"pk": 47, "model": "infrastructure.capacity", "fields": {"value": 8192, "unit": "MB", "object_id": 6, "content_type": ["infrastructure", "flavor"], "name": "ram"}},
  {"pk": 48, "model": "infrastructure.capacity", "fields": {"value": 80, "unit": "GB", "object_id": 6, "content_type": ["infrastructure", "flavor"], "name": "root_disk"}},
  {"pk": 49, "model": "infrastructure.capacity", "fields": {"value": 0, "unit": "GB", "object_id": 6, "content_type": ["infrastructure", "flavor"], "name": "ephemeral_disk"}},
  {"pk": 50, "model": "infrastructure.capacity", "fields": {"value": 0, "unit": "MB", "object_id": 6, "content_type": ["infrastructure", "flavor"], "name": "swap_disk"}},

  {"pk": 51, "model": "infrastructure.capacity", "fields": {"value": 8, "unit": "", "object_id": 7, "content_type": ["infrastructure", "flavor"], "name": "vcpu"}},
  {"pk": 52, "model": "infrastructure.capacity", "fields": {"value": 16384, "unit": "MB", "object_id": 7, "content_type": ["infrastructure", "flavor"], "name": "ram"}},
  {"pk": 53, "model": "infrastructure.capacity", "fields": {"value": 160, "unit": "GB", "object_id": 7, "content_type": ["infrastructure", "flavor"], "name": "root_disk"}},
  {"pk": 54, "model": "infrastructure.capacity", "fields": {"value": 0, "unit": "GB", "object_id": 7, "content_type": ["infrastructure", "flavor"], "name": "ephemeral_disk"}},
  {"pk": 55, "model": "infrastructure.capacity", "fields": {"value": 0, "unit": "MB", "object_id": 7, "content_type": ["infrastructure", "flavor"], "name": "swap_disk"}}
]
